gene,clade,N,T,dN/dS,sites,nt_conserved,aa_conserved,positive_sites,negative_sites,diff_sites,BUSTED_pval,BUSTED_omega3,BUSTED_prop_sites_in_omega3,RELAX_clade_K,RELAX_overall_pval
membrane_glycoprotein_precursor_prM,DENV1,774,2.5100367013214075,0.07734088036175824,166,1,9,2,135,14,0.5,1,5.029964858083237,1,0.8032083257691015
membrane_glycoprotein_precursor_prM,DENV2,782,2.7339635919233847,0.0690502818235468,166,1,9,4,133,14,0.5,1.002804727740728,6.10289543053108,0.7336909168981178,0.8032083257691015
membrane_glycoprotein_precursor_prM,DENV3,374,1.2446179208417907,0.04645010218677023,166,1,9,0,121,12,0.5,1.00156897255533,0.0,1.859760677987424,0.8032083257691015
membrane_glycoprotein_precursor_prM,DENV4,265,1.1698068666334325,0.0494389702149302,166,1,9,2,118,12,0.5,1.007022081020494,0.0,1.002945032735111,0.8032083257691015
