gene,clade,N,T,dN/dS,sites,nt_conserved,aa_conserved,positive_sites,negative_sites,diff_sites,BUSTED_pval,BUSTED_omega3,BUSTED_prop_sites_in_omega3,RELAX_clade_K,RELAX_overall_pval
nonstructural_protein_NS3,DENV1,2039,2.751684905701530,0.04131246413618620,619,1,52,5,554,39,0.4738343907751910,1.154976669194790,1.525610653540460,1,0.00780017518550891
nonstructural_protein_NS3,DENV3,892,1.5045771226413900,0.04166087962093670,619,1,52,1,369,36,0.5,1.002206656670420,0.0,1.05315509524035,0.00780017518550891
nonstructural_protein_NS3,DENV4,577,1.1848118247174900,0.03015779008531570,618,1,52,2,455,33,0.5,4.192315720476220,0.0,0.785298658764722,0.00780017518550891