gene,clade,N,T,dN/dS,sites,nt_conserved,aa_conserved,positive_sites,negative_sites,diff_sites,BUSTED_pval,BUSTED_omega3,BUSTED_prop_sites_in_omega3,RELAX_clade_K,RELAX_overall_pval
nonstructural_protein_NS4A,DENV1,669,2.4514416491842215,0.06470608157119778,127,1,6,1,109,13,0.5,1.001407736821013,0.0,1,0.3226158507000308
nonstructural_protein_NS4A,DENV2,714,2.9183356389999275,0.03766658035005454,127,1,6,0,113,16,0.5,3.085564833616673,0.0,0.9310869753426843,0.3226158507000308
nonstructural_protein_NS4A,DENV3,327,1.3449127793467068,0.04884322570455849,127,1,6,0,88,14,0.5,1.002329711350389,0.0,1.681067528169477,0.3226158507000308
nonstructural_protein_NS4A,DENV4,234,1.147047285782658,0.04619731556582706,127,1,6,0,97,12,0.5,2.401624994826264,0.0,1.564057234727358,0.3226158507000308
