gene,clade,N,T,dN/dS,sites,nt_conserved,aa_conserved,positive_sites,negative_sites,diff_sites,BUSTED_pval,BUSTED_omega3,BUSTED_prop_sites_in_omega3,RELAX_clade_K,RELAX_overall_pval
nonstructural_protein_NS1,DENV1,1575,2.975618501436130,0.0718566120669924,352,1,31,1,299,36,0.5,1.028965047318710,2.969912857711720,1,0.508427439182686
nonstructural_protein_NS1,DENV2,1423,2.9881411900132000,0.07795072379225560,352,1,31,10,296,30,0.5,1,1.071635563875670,0.981644238662149,0.508427439182686
nonstructural_protein_NS1,DENV3,639,1.4787248379481100,0.06772476523928640,352,1,31,4,261,26,0.120295023435465,8.365727285765120,0.1332764293879280,1.0475021203724,0.508427439182686
nonstructural_protein_NS1,DENV4,428,1.18889218174802,0.07097187777819570,352,1,31,1,228,26,0.5,1.001985774207540,0.0,0.98828527810836,0.508427439182686