gene,clade,N,T,dN/dS,sites,nt_conserved,aa_conserved,positive_sites,negative_sites,diff_sites,BUSTED_pval,BUSTED_omega3,BUSTED_prop_sites_in_omega3,RELAX_clade_K,RELAX_overall_pval
nonstructural_protein_NS2A,DENV1,1206,3.123927910014056,0.1078312152339358,218,1,5,1,168,30,0.2451678457350223,26.26395121890625,0.02105239123342444,1,0.2492592774160777
nonstructural_protein_NS2A,DENV2,1077,3.4464863258936895,0.09551077804627447,218,1,5,8,168,33,0.2003947209477254,112.9079351301236,0.01728101861261178,0.7150519432971927,0.2492592774160777
nonstructural_protein_NS2A,DENV3,530,1.503191578294242,0.08771424941645835,218,1,5,2,151,26,0.5,1.001563985993738,0.0,0.8372583166720209,0.2492592774160777
nonstructural_protein_NS2A,DENV4,353,1.2004192051736278,0.08373070226180432,218,1,5,2,131,27,0.4872722933309676,3.442833063842994,0.33944476835043086,1.847641654536819,0.2492592774160777
