gene,clade,N,T,dN/dS,sites,nt_conserved,aa_conserved,positive_sites,negative_sites,diff_sites,BUSTED_pval,BUSTED_omega3,BUSTED_prop_sites_in_omega3,RELAX_clade_K,RELAX_overall_pval
RNA-dependent_RNA_polymerase_NS5,DENV1,2466,2.9730135743079900,0.06816003981654680,899,1,0,26,765,84,0.5,1,1.385839573465690,1,0.0954474726103959
RNA-dependent_RNA_polymerase_NS5,DENV2,2308,3.210728439054870,0.06395269738352090,900,1,0,32,770,93,0.4634140005650720,1.074805064267970,5.586017733089780,0.969009011493864,0.0954474726103959
RNA-dependent_RNA_polymerase_NS5,DENV3,1068,1.5593015986798400,0.06477622475304480,900,1,0,6,477,83,0.5,4.462732171782490,0.0,1.75801750300483,0.0954474726103959
RNA-dependent_RNA_polymerase_NS5,DENV4,666,1.1616559168136000,0.05780071157277710,900,1,0,3,461,83,0.5,1.002330882617740,0.0,1.05526956317697,0.0954474726103959